asset,n_oos,garch_qlike,garch_rmse,garch_r2
BTC-EUR,771,-6.476460553477087,1.252919858097073,-0.2868350197200753
ETH-EUR,687,-5.731584391609882,1.1382120794765238,-0.19189206143668414
SOL-EUR,574,-5.416929045649043,1.0029796650283886,-0.18817588279183894
