final,initial,ann_return,sharpe,mdd_pct,fees_pct,n_trades,strategy
5656.919728308771,5000,5.3569671137938535,0.11105476664967631,-58.06913053719305,0.15,1,buy_and_hold
6421.935220015582,5000,11.160487743316327,0.356268292380174,-34.86989447287626,8.905734561949478,45,pure_trend
4878.369368254085,5000,-1.0356843220021061,-0.04767573135767221,-32.22615806007365,13.614032160665005,323,har_voltarget_trend
5026.961862079002,5000,0.22760500825143026,0.008826413061679946,-35.592141873265035,10.83514705184255,79,atr_stop_trend
